,date,prcp
0,2016-08-22,0.4
1534,2016-08-22,2.32
362,2016-08-22,0.94
1887,2016-08-22,1.2
1196,2016-08-22,0.4
1,2016-08-23,0.0
707,2016-08-23,0.05
1197,2016-08-23,0.02
1888,2016-08-23,0.7
1535,2016-08-23,1.79
363,2016-08-23,0.15
1536,2016-08-24,2.15
1889,2016-08-24,1.45
2,2016-08-24,0.08
1198,2016-08-24,1.22
708,2016-08-24,2.28
364,2016-08-24,2.15
1015,2016-08-25,0.0
709,2016-08-25,0.0
365,2016-08-25,0.08
3,2016-08-25,0.08
1890,2016-08-25,0.11
1199,2016-08-25,0.21
1537,2016-08-25,0.06
710,2016-08-26,0.02
1016,2016-08-26,0.04
4,2016-08-26,0.0
1200,2016-08-26,0.0
1538,2016-08-26,0.01
366,2016-08-26,0.03
1539,2016-08-27,0.12
5,2016-08-27,0.0
367,2016-08-27,0.18
1201,2016-08-27,0.0
711,2016-08-27,0.02
368,2016-08-28,0.14
1540,2016-08-28,0.6
712,2016-08-28,0.14
1892,2016-08-28,2.07
6,2016-08-28,0.01
1202,2016-08-28,0.14
1893,2016-08-29,0.9
369,2016-08-29,0.17
7,2016-08-29,0.0
1203,2016-08-29,0.0
1541,2016-08-29,0.35
713,2016-08-29,0.04
1542,2016-08-30,0.0
1204,2016-08-30,0.0
370,2016-08-30,0.0
1018,2016-08-30,0.02
1894,2016-08-30,0.05
8,2016-08-30,0.0
1895,2016-08-31,2.46
9,2016-08-31,0.13
1543,2016-08-31,0.24
1205,2016-08-31,0.25
371,2016-08-31,0.1
10,2016-09-01,0.0
372,2016-09-01,0.0
1544,2016-09-01,0.02
715,2016-09-01,0.0
1896,2016-09-01,0.01
1545,2016-09-02,0.01
11,2016-09-02,0.0
716,2016-09-02,0.19
1897,2016-09-02,0.03
373,2016-09-02,0.02
1546,2016-09-03,0.12
1207,2016-09-03,0.08
12,2016-09-03,0.0
374,2016-09-03,0.07
1898,2016-09-03,1.0
1547,2016-09-04,0.14
13,2016-09-04,0.03
1208,2016-09-04,0.74
375,2016-09-04,0.03
1899,2016-09-04,0.44
376,2016-09-05,0.11
1209,2016-09-05,0.02
1548,2016-09-05,0.03
1900,2016-09-05,0.18
1549,2016-09-06,0.11
1901,2016-09-06,1.0
377,2016-09-06,0.05
1210,2016-09-06,0.03
718,2016-09-06,0.04
719,2016-09-07,0.23
16,2016-09-07,0.05
1550,2016-09-07,0.16
1211,2016-09-07,0.11
378,2016-09-07,0.1
1902,2016-09-07,1.35
1551,2016-09-08,0.07
1212,2016-09-08,0.01
17,2016-09-08,0.0
720,2016-09-08,0.01
1903,2016-09-08,0.15
379,2016-09-08,0.22
1213,2016-09-09,0.23
1904,2016-09-09,0.35
1552,2016-09-09,0.16
18,2016-09-09,0.03
721,2016-09-09,0.29
380,2016-09-09,0.01
1905,2016-09-10,1.16
1553,2016-09-10,0.09
19,2016-09-10,0.0
1214,2016-09-10,0.14
381,2016-09-10,0.01
1215,2016-09-11,0.12
1906,2016-09-11,0.6
1554,2016-09-11,0.3
382,2016-09-11,0.18
20,2016-09-11,0.05
1555,2016-09-12,0.31
383,2016-09-12,0.04
1907,2016-09-12,1.04
1216,2016-09-12,0.15
21,2016-09-12,0.0
1556,2016-09-13,0.34
1908,2016-09-13,1.2
723,2016-09-13,0.32
22,2016-09-13,0.02
1217,2016-09-13,0.46
384,2016-09-13,0.37
1218,2016-09-14,1.19
385,2016-09-14,0.9
724,2016-09-14,1.84
1557,2016-09-14,2.33
23,2016-09-14,1.32
1909,2016-09-14,6.7
1219,2016-09-15,0.17
386,2016-09-15,0.12
1910,2016-09-15,3.35
725,2016-09-15,0.07
1558,2016-09-15,0.83
24,2016-09-15,0.42
1559,2016-09-16,0.06
1220,2016-09-16,0.01
1911,2016-09-16,0.61
726,2016-09-16,0.07
1028,2016-09-16,0.0
25,2016-09-16,0.06
387,2016-09-16,0.01
26,2016-09-17,0.05
388,2016-09-17,0.04
1912,2016-09-17,0.23
1221,2016-09-17,0.0
1560,2016-09-17,0.36
27,2016-09-18,0.0
1913,2016-09-18,0.42
1561,2016-09-18,0.07
389,2016-09-18,0.0
1222,2016-09-18,0.04
1562,2016-09-19,0.01
1223,2016-09-19,0.05
28,2016-09-19,0.0
1914,2016-09-19,0.25
390,2016-09-19,0.01
29,2016-09-20,0.0
1030,2016-09-20,0.0
391,2016-09-20,0.09
1915,2016-09-20,0.43
1224,2016-09-20,0.04
1563,2016-09-20,0.22
728,2016-09-20,0.25
30,2016-09-21,0.0
729,2016-09-21,0.02
1225,2016-09-21,0.0
392,2016-09-21,0.06
1916,2016-09-21,1.02
1564,2016-09-21,0.07
1031,2016-09-22,0.06
1917,2016-09-22,0.75
1565,2016-09-22,0.34
1226,2016-09-22,0.01
31,2016-09-22,0.02
730,2016-09-22,0.17
393,2016-09-22,0.09
1227,2016-09-23,0.0
394,2016-09-23,0.15
1918,2016-09-23,0.33
731,2016-09-23,0.15
32,2016-09-23,0.0
1032,2016-09-23,0.0
1566,2016-09-23,0.94
1228,2016-09-24,0.0
1567,2016-09-24,0.01
1919,2016-09-24,0.27
732,2016-09-24,0.0
395,2016-09-24,0.0
33,2016-09-24,0.0
396,2016-09-25,0.02
1568,2016-09-25,0.03
34,2016-09-25,0.0
1920,2016-09-25,0.04
733,2016-09-25,0.0
1229,2016-09-25,0.0
1921,2016-09-26,1.02
734,2016-09-26,0.02
397,2016-09-26,0.06
1230,2016-09-26,0.34
35,2016-09-26,0.06
1569,2016-09-26,0.17
398,2016-09-27,0.12
1231,2016-09-27,0.05
735,2016-09-27,0.0
1570,2016-09-27,0.17
36,2016-09-27,0.02
1922,2016-09-27,1.0
1232,2016-09-28,0.0
736,2016-09-28,0.0
1923,2016-09-28,0.05
399,2016-09-28,0.08
37,2016-09-28,0.0
1034,2016-09-28,0.0
1571,2016-09-28,0.0
400,2016-09-29,0.49
1233,2016-09-29,0.18
1924,2016-09-29,1.49
38,2016-09-29,0.0
737,2016-09-29,0.2
1572,2016-09-29,0.59
1035,2016-09-29,0.04
401,2016-09-30,0.31
1925,2016-09-30,0.38
39,2016-09-30,0.0
738,2016-09-30,0.06
1573,2016-09-30,0.25
1234,2016-09-30,0.15
1574,2016-10-01,0.14
40,2016-10-01,0.0
739,2016-10-01,0.08
402,2016-10-01,0.14
1235,2016-10-01,0.07
1926,2016-10-01,1.02
1575,2016-10-02,0.06
403,2016-10-02,0.02
1927,2016-10-02,0.61
1236,2016-10-02,0.0
41,2016-10-02,0.0
740,2016-10-02,0.03
1576,2016-10-03,0.16
404,2016-10-03,0.04
1928,2016-10-03,0.46
42,2016-10-03,0.0
1237,2016-10-03,0.0
741,2016-10-03,0.03
1929,2016-10-04,3.46
1577,2016-10-04,0.03
742,2016-10-04,0.0
1238,2016-10-04,0.0
43,2016-10-04,0.0
405,2016-10-04,0.0
1239,2016-10-05,0.0
44,2016-10-05,0.0
406,2016-10-05,0.0
1930,2016-10-05,0.81
743,2016-10-05,0.0
1578,2016-10-05,0.01
1240,2016-10-06,0.0
45,2016-10-06,0.0
1931,2016-10-06,0.04
744,2016-10-06,0.0
1040,2016-10-06,0.07
1579,2016-10-06,0.0
407,2016-10-06,0.05
1932,2016-10-07,0.01
745,2016-10-07,0.0
46,2016-10-07,0.0
1580,2016-10-07,0.0
1241,2016-10-07,0.0
408,2016-10-07,0.0
1242,2016-10-08,0.0
1933,2016-10-08,0.04
1581,2016-10-08,0.0
409,2016-10-08,0.0
47,2016-10-08,0.0
1934,2016-10-09,0.0
1582,2016-10-09,0.0
48,2016-10-09,0.0
1243,2016-10-09,0.0
410,2016-10-09,0.0
1583,2016-10-10,0.0
1935,2016-10-10,0.0
49,2016-10-10,0.0
1244,2016-10-10,0.0
411,2016-10-10,0.0
747,2016-10-11,0.04
1584,2016-10-11,0.28
412,2016-10-11,0.02
1936,2016-10-11,0.35
1245,2016-10-11,0.0
50,2016-10-11,0.0
1246,2016-10-12,0.0
748,2016-10-12,0.0
413,2016-10-12,0.03
1937,2016-10-12,0.02
1585,2016-10-12,0.03
51,2016-10-12,0.0
1938,2016-10-13,0.06
1247,2016-10-13,0.0
749,2016-10-13,0.02
1586,2016-10-13,0.0
414,2016-10-13,0.0
52,2016-10-13,0.0
1939,2016-10-14,0.0
415,2016-10-14,0.0
1248,2016-10-14,0.0
750,2016-10-14,0.0
53,2016-10-14,0.0
1587,2016-10-14,0.0
54,2016-10-15,0.0
416,2016-10-15,0.0
1588,2016-10-15,0.04
1249,2016-10-15,0.0
1940,2016-10-15,0.33
751,2016-10-15,0.02
1589,2016-10-16,0.0
1250,2016-10-16,0.0
55,2016-10-16,0.0
417,2016-10-16,0.0
1941,2016-10-16,0.0
1251,2016-10-17,0.12
1590,2016-10-17,0.01
1942,2016-10-17,0.38
418,2016-10-17,0.03
56,2016-10-17,0.01
1943,2016-10-18,0.48
753,2016-10-18,0.03
1591,2016-10-18,0.02
419,2016-10-18,0.05
1252,2016-10-18,0.02
57,2016-10-18,0.0
420,2016-10-19,0.06
1944,2016-10-19,0.0
1592,2016-10-19,0.11
58,2016-10-19,0.0
1253,2016-10-19,0.0
754,2016-10-19,0.0
1593,2016-10-20,0.0
59,2016-10-20,0.0
755,2016-10-20,0.01
1945,2016-10-20,1.0
421,2016-10-20,0.0
1594,2016-10-21,0.0
756,2016-10-21,0.03
60,2016-10-21,0.05
422,2016-10-21,0.15
1946,2016-10-21,0.09
1255,2016-10-22,0.0
423,2016-10-22,0.1
1595,2016-10-22,0.15
1947,2016-10-22,1.37
61,2016-10-22,0.15
1256,2016-10-23,0.0
1596,2016-10-23,0.02
62,2016-10-23,0.01
1948,2016-10-23,0.24
424,2016-10-23,0.01
425,2016-10-24,0.0
1257,2016-10-24,0.0
63,2016-10-24,0.0
1949,2016-10-24,0.7
1597,2016-10-24,0.08
758,2016-10-24,0.01
64,2016-10-25,0.03
1258,2016-10-25,0.12
1598,2016-10-25,0.11
1950,2016-10-25,0.4
426,2016-10-25,0.04
1050,2016-10-25,0.4
759,2016-10-25,0.0
1051,2016-10-26,0.2
65,2016-10-26,0.0
1599,2016-10-26,0.01
1259,2016-10-26,0.02
427,2016-10-26,0.06
1951,2016-10-26,0.0
1260,2016-10-27,0.08
760,2016-10-27,0.2
1952,2016-10-27,1.25
428,2016-10-27,0.11
1600,2016-10-27,0.22
66,2016-10-27,0.0
761,2016-10-28,0.07
1261,2016-10-28,0.06
1953,2016-10-28,0.37
429,2016-10-28,0.02
1601,2016-10-28,0.05
67,2016-10-28,0.0
762,2016-10-29,0.26
1602,2016-10-29,0.1
430,2016-10-29,0.02
1954,2016-10-29,0.25
1262,2016-10-29,0.01
68,2016-10-29,0.0
1955,2016-10-30,0.95
431,2016-10-30,0.1
1603,2016-10-30,0.16
1263,2016-10-30,0.0
69,2016-10-30,0.24
763,2016-10-30,0.14
70,2016-10-31,0.03
1604,2016-10-31,0.07
1956,2016-10-31,1.35
432,2016-10-31,0.03
1264,2016-10-31,0.13
764,2016-10-31,0.0
765,2016-11-01,0.0
71,2016-11-01,0.0
433,2016-11-01,0.01
1265,2016-11-01,0.01
1605,2016-11-01,0.1
1957,2016-11-01,0.09
1958,2016-11-02,0.04
72,2016-11-02,0.0
1266,2016-11-02,0.0
434,2016-11-02,0.0
766,2016-11-02,0.0
1606,2016-11-02,0.0
1267,2016-11-03,0.0
1607,2016-11-03,0.0
1959,2016-11-03,0.02
435,2016-11-03,0.0
73,2016-11-03,0.0
767,2016-11-03,0.0
74,2016-11-04,0.0
1268,2016-11-04,0.0
436,2016-11-04,0.0
1960,2016-11-04,0.06
1608,2016-11-04,0.0
768,2016-11-04,0.0
769,2016-11-05,0.0
437,2016-11-05,0.02
75,2016-11-05,0.0
1609,2016-11-05,0.03
1269,2016-11-05,0.02
1961,2016-11-05,0.38
76,2016-11-06,0.0
770,2016-11-06,0.0
1962,2016-11-06,0.05
438,2016-11-06,0.02
1610,2016-11-06,0.01
1270,2016-11-06,0.0
77,2016-11-07,0.0
771,2016-11-07,0.13
1963,2016-11-07,0.05
1271,2016-11-07,0.0
439,2016-11-07,0.0
1611,2016-11-07,0.0
772,2016-11-08,0.02
1964,2016-11-08,0.53
1272,2016-11-08,0.15
440,2016-11-08,0.14
1612,2016-11-08,0.21
78,2016-11-08,0.07
773,2016-11-09,0.17
1057,2016-11-09,0.0
1613,2016-11-09,0.11
79,2016-11-09,0.0
441,2016-11-09,0.08
1273,2016-11-09,0.0
1965,2016-11-09,0.04
1614,2016-11-10,0.0
442,2016-11-10,0.0
1274,2016-11-10,0.0
1966,2016-11-10,0.01
774,2016-11-10,0.0
80,2016-11-10,0.0
81,2016-11-11,0.0
775,2016-11-11,0.0
443,2016-11-11,0.0
1275,2016-11-11,0.0
1967,2016-11-11,0.0
1615,2016-11-11,0.0
1968,2016-11-12,0.0
1276,2016-11-12,0.0
776,2016-11-12,0.0
82,2016-11-12,0.0
444,2016-11-12,0.0
1616,2016-11-12,0.0
445,2016-11-13,0.0
1277,2016-11-13,0.0
1969,2016-11-13,0.0
1617,2016-11-13,0.0
777,2016-11-13,0.0
83,2016-11-13,0.0
1970,2016-11-14,0.02
446,2016-11-14,0.06
1058,2016-11-14,0.02
1618,2016-11-14,0.0
1278,2016-11-14,0.0
778,2016-11-14,0.05
84,2016-11-14,0.0
1279,2016-11-15,0.0
85,2016-11-15,0.0
1619,2016-11-15,0.0
779,2016-11-15,0.0
1971,2016-11-15,0.05
447,2016-11-15,0.0
448,2016-11-16,0.14
86,2016-11-16,0.0
1972,2016-11-16,0.91
780,2016-11-16,0.18
1280,2016-11-16,0.07
1620,2016-11-16,0.24
1973,2016-11-17,0.02
449,2016-11-17,0.03
781,2016-11-17,0.0
87,2016-11-17,0.0
1281,2016-11-17,0.0
1621,2016-11-17,0.01
1622,2016-11-18,0.0
88,2016-11-18,0.0
1282,2016-11-18,0.02
450,2016-11-18,0.01
1623,2016-11-19,0.11
1283,2016-11-19,0.13
451,2016-11-19,0.11
89,2016-11-19,0.03
1284,2016-11-20,0.4
452,2016-11-20,0.11
1624,2016-11-20,0.39
90,2016-11-20,0.05
1625,2016-11-21,0.11
1285,2016-11-21,0.07
453,2016-11-21,0.02
1975,2016-11-21,2.87
91,2016-11-21,0.01
1976,2016-11-22,2.11
92,2016-11-22,0.13
1626,2016-11-22,2.05
454,2016-11-22,0.41
1286,2016-11-22,0.31
1627,2016-11-23,0.25
1287,2016-11-23,0.03
1977,2016-11-23,0.22
93,2016-11-23,0.14
455,2016-11-23,0.03
1978,2016-11-24,0.72
1628,2016-11-24,0.3
456,2016-11-24,0.2
1288,2016-11-24,0.21
94,2016-11-24,0.05
1289,2016-11-25,0.11
1629,2016-11-25,0.08
1979,2016-11-25,1.03
95,2016-11-25,0.05
457,2016-11-25,0.05
1290,2016-11-26,0.03
1630,2016-11-26,0.06
1980,2016-11-26,0.3
96,2016-11-26,0.05
784,2016-11-26,0.02
458,2016-11-26,0.05
785,2016-11-27,0.03
1291,2016-11-27,0.0
1631,2016-11-27,0.17
97,2016-11-27,0.0
459,2016-11-27,0.06
1981,2016-11-27,0.29
1982,2016-11-28,0.69
1292,2016-11-28,0.0
786,2016-11-28,0.0
1632,2016-11-28,0.0
98,2016-11-28,0.01
460,2016-11-28,0.02
461,2016-11-29,0.04
1633,2016-11-29,0.09
99,2016-11-29,0.0
787,2016-11-29,0.04
1983,2016-11-29,0.2
1293,2016-11-29,0.06
1294,2016-11-30,0.0
788,2016-11-30,0.03
462,2016-11-30,0.05
1634,2016-11-30,0.05
1984,2016-11-30,0.79
100,2016-11-30,0.14
1635,2016-12-01,0.37
789,2016-12-01,0.07
1295,2016-12-01,0.16
1985,2016-12-01,0.72
101,2016-12-01,0.12
463,2016-12-01,0.33
790,2016-12-02,0.4
1296,2016-12-02,0.01
1986,2016-12-02,1.27
102,2016-12-02,0.03
1636,2016-12-02,0.35
464,2016-12-02,0.3
791,2016-12-03,0.26
1297,2016-12-03,0.02
465,2016-12-03,0.04
103,2016-12-03,0.0
1637,2016-12-03,0.77
1987,2016-12-03,1.62
1298,2016-12-04,0.32
466,2016-12-04,0.1
104,2016-12-04,0.03
792,2016-12-04,0.0
1988,2016-12-04,0.31
1638,2016-12-04,0.04
1989,2016-12-05,1.6
1639,2016-12-05,0.22
105,2016-12-05,0.43
1299,2016-12-05,0.45
467,2016-12-05,0.34
793,2016-12-05,0.2
1640,2016-12-06,0.0
1300,2016-12-06,0.0
1990,2016-12-06,0.0
468,2016-12-06,0.02
106,2016-12-06,0.02
1991,2016-12-07,0.02
1641,2016-12-07,0.12
1301,2016-12-07,0.07
469,2016-12-07,0.17
107,2016-12-07,0.0
1992,2016-12-08,0.03
470,2016-12-08,0.03
795,2016-12-08,0.02
1642,2016-12-08,0.07
1302,2016-12-08,0.01
108,2016-12-08,0.03
1074,2016-12-08,0.27
471,2016-12-09,0.34
1643,2016-12-09,0.31
109,2016-12-09,0.52
796,2016-12-09,0.26
1993,2016-12-09,0.42
1994,2016-12-10,0.04
110,2016-12-10,0.05
472,2016-12-10,0.02
797,2016-12-10,0.0
1644,2016-12-10,0.02
1304,2016-12-11,0.06
1995,2016-12-11,0.13
473,2016-12-11,0.02
111,2016-12-11,0.04
1645,2016-12-11,0.0
1305,2016-12-12,0.0
112,2016-12-12,0.01
1996,2016-12-12,0.01
1076,2016-12-12,0.02
474,2016-12-12,0.01
1646,2016-12-12,0.0
475,2016-12-13,0.1
1997,2016-12-13,0.09
799,2016-12-13,0.34
1647,2016-12-13,0.04
113,2016-12-13,0.05
1306,2016-12-13,0.15
1307,2016-12-14,0.05
1648,2016-12-14,0.92
476,2016-12-14,0.05
114,2016-12-14,0.03
1998,2016-12-14,0.33
800,2016-12-14,0.12
477,2016-12-15,0.02
1999,2016-12-15,0.03
1649,2016-12-15,0.14
1308,2016-12-15,0.0
115,2016-12-15,0.0
801,2016-12-15,0.07
1650,2016-12-16,0.03
2000,2016-12-16,0.0
1309,2016-12-16,0.0
116,2016-12-16,0.0
802,2016-12-16,0.0
478,2016-12-16,0.01
1310,2016-12-17,0.16
803,2016-12-17,0.0
1651,2016-12-17,0.07
479,2016-12-17,0.11
117,2016-12-17,0.01
480,2016-12-18,0.29
118,2016-12-18,0.13
804,2016-12-18,0.04
1652,2016-12-18,0.16
1311,2016-12-18,0.27
119,2016-12-19,0.01
805,2016-12-19,0.0
1312,2016-12-19,0.02
1653,2016-12-19,0.03
481,2016-12-19,0.21
2002,2016-12-19,0.15
482,2016-12-20,0.02
806,2016-12-20,0.0
120,2016-12-20,0.0
1313,2016-12-20,0.01
2003,2016-12-20,0.0
1654,2016-12-20,0.0
1314,2016-12-21,0.06
807,2016-12-21,0.09
121,2016-12-21,0.0
1083,2016-12-21,0.06
2004,2016-12-21,0.55
1655,2016-12-21,0.11
483,2016-12-21,0.03
2005,2016-12-22,1.24
1315,2016-12-22,0.14
808,2016-12-22,0.05
122,2016-12-22,0.01
484,2016-12-22,0.17
1656,2016-12-22,0.86
485,2016-12-23,0.1
1316,2016-12-23,0.02
809,2016-12-23,0.03
123,2016-12-23,0.01
1657,2016-12-23,0.24
2006,2016-12-23,0.83
1658,2016-12-24,0.2
810,2016-12-24,0.13
486,2016-12-24,0.14
1317,2016-12-24,0.06
2007,2016-12-24,1.08
124,2016-12-24,0.01
2008,2016-12-25,0.38
1659,2016-12-25,0.02
125,2016-12-25,0.0
487,2016-12-25,0.03
1318,2016-12-25,0.0
1319,2016-12-26,0.06
488,2016-12-26,0.26
126,2016-12-26,0.02
2009,2016-12-26,1.48
1660,2016-12-26,0.22
812,2016-12-27,0.02
1320,2016-12-27,0.0
2010,2016-12-27,0.14
1661,2016-12-27,0.05
127,2016-12-27,0.0
489,2016-12-27,0.03
490,2016-12-28,0.09
1321,2016-12-28,0.06
128,2016-12-28,0.02
1662,2016-12-28,0.09
813,2016-12-28,0.01
2011,2016-12-28,0.14
129,2016-12-29,0.04
814,2016-12-29,0.56
491,2016-12-29,0.18
1322,2016-12-29,0.05
1663,2016-12-29,0.52
2012,2016-12-29,1.03
815,2016-12-30,0.29
492,2016-12-30,0.21
130,2016-12-30,0.12
2013,2016-12-30,2.37
1323,2016-12-30,0.07
1664,2016-12-30,0.29
1665,2016-12-31,0.25
131,2016-12-31,0.01
816,2016-12-31,0.36
2014,2016-12-31,0.9
493,2016-12-31,0.62
494,2017-01-01,0.29
1666,2017-01-01,0.03
132,2017-01-01,0.0
817,2017-01-01,0.0
2015,2017-01-01,0.03
2016,2017-01-02,0.0
495,2017-01-02,0.0
1667,2017-01-02,0.01
133,2017-01-02,0.0
818,2017-01-02,0.01
496,2017-01-03,0.0
2017,2017-01-03,0.0
819,2017-01-03,0.0
1668,2017-01-03,0.0
134,2017-01-03,0.0
2018,2017-01-04,0.0
135,2017-01-04,0.0
820,2017-01-04,0.0
497,2017-01-04,0.0
1669,2017-01-04,0.0
1326,2017-01-04,0.18
1670,2017-01-05,0.06
821,2017-01-05,0.0
2019,2017-01-05,0.47
1327,2017-01-05,0.42
498,2017-01-05,0.0
136,2017-01-05,0.0
822,2017-01-06,0.59
1328,2017-01-06,0.01
2020,2017-01-06,0.1
499,2017-01-06,0.0
1671,2017-01-06,0.1
137,2017-01-06,0.0
2021,2017-01-07,0.0
138,2017-01-07,0.0
500,2017-01-07,0.06
823,2017-01-07,0.0
1672,2017-01-07,0.0
1329,2017-01-07,0.0
501,2017-01-08,0.0
1330,2017-01-08,0.0
1673,2017-01-08,0.0
2022,2017-01-08,0.03
824,2017-01-08,0.03
139,2017-01-08,0.0
502,2017-01-09,0.0
825,2017-01-09,0.0
1331,2017-01-09,0.0
140,2017-01-09,0.0
1674,2017-01-09,0.0
2023,2017-01-09,0.0
1332,2017-01-10,0.0
141,2017-01-10,0.0
826,2017-01-10,0.0
503,2017-01-10,0.0
2024,2017-01-10,0.0
1675,2017-01-10,0.0
827,2017-01-11,0.0
1676,2017-01-11,0.0
2025,2017-01-11,0.0
504,2017-01-11,0.0
142,2017-01-11,0.0
505,2017-01-12,0.0
2026,2017-01-12,0.0
143,2017-01-12,0.0
1677,2017-01-12,0.0
1678,2017-01-13,0.0
506,2017-01-13,0.0
2027,2017-01-13,0.0
144,2017-01-13,0.0
1679,2017-01-14,0.01
2028,2017-01-14,0.0
145,2017-01-14,0.0
829,2017-01-14,0.0
507,2017-01-14,0.0
146,2017-01-15,0.0
1680,2017-01-15,0.0
2029,2017-01-15,0.01
508,2017-01-15,0.0
1681,2017-01-16,0.0
509,2017-01-16,0.0
1335,2017-01-16,0.0
2030,2017-01-16,0.0
147,2017-01-16,0.0
510,2017-01-17,0.0
2031,2017-01-17,0.0
1094,2017-01-17,0.0
148,2017-01-17,0.0
831,2017-01-17,0.0
1682,2017-01-17,0.0
2032,2017-01-18,0.07
1095,2017-01-18,0.0
149,2017-01-18,0.0
832,2017-01-18,0.0
511,2017-01-18,0.0
1683,2017-01-18,0.0
2033,2017-01-19,0.0
833,2017-01-19,0.0
512,2017-01-19,0.0
1684,2017-01-19,0.02
150,2017-01-19,0.0
1337,2017-01-19,0.0
151,2017-01-20,0.0
2034,2017-01-20,0.0
834,2017-01-20,0.0
1338,2017-01-20,0.0
513,2017-01-20,0.0
1685,2017-01-20,0.0
1686,2017-01-21,0.03
2035,2017-01-21,0.08
835,2017-01-21,0.02
514,2017-01-21,0.04
1339,2017-01-21,0.11
152,2017-01-21,0.0
2036,2017-01-22,0.72
515,2017-01-22,0.01
153,2017-01-22,0.16
1340,2017-01-22,0.04
1687,2017-01-22,0.09
1688,2017-01-23,0.01
1341,2017-01-23,0.0
154,2017-01-23,0.0
2037,2017-01-23,0.85
516,2017-01-23,0.08
1342,2017-01-24,0.08
1689,2017-01-24,0.13
2038,2017-01-24,1.85
155,2017-01-24,0.04
517,2017-01-24,0.15
156,2017-01-25,0.03
2039,2017-01-25,2.64
1343,2017-01-25,0.0
1690,2017-01-25,0.79
518,2017-01-25,0.12
1691,2017-01-26,0.0
1344,2017-01-26,0.0
2040,2017-01-26,0.1
157,2017-01-26,0.0
838,2017-01-26,0.01
1101,2017-01-26,0.0
519,2017-01-26,0.0
520,2017-01-27,0.0
1692,2017-01-27,0.03
158,2017-01-27,0.0
2041,2017-01-27,0.03
839,2017-01-27,0.0
1102,2017-01-27,0.0
1345,2017-01-27,0.0
521,2017-01-28,0.14
2042,2017-01-28,0.0
840,2017-01-28,0.0
1693,2017-01-28,0.0
159,2017-01-28,0.0
160,2017-01-29,0.18
1694,2017-01-29,0.26
2043,2017-01-29,0.55
522,2017-01-29,0.0
1347,2017-01-30,0.0
2044,2017-01-30,0.0
1695,2017-01-30,0.0
1103,2017-01-30,0.05
161,2017-01-30,0.0
523,2017-01-30,0.0
1348,2017-01-31,0.0
2045,2017-01-31,0.0
1104,2017-01-31,0.0
162,2017-01-31,0.0
524,2017-01-31,0.0
842,2017-01-31,0.0
1696,2017-01-31,0.0
843,2017-02-01,0.0
1105,2017-02-01,0.0
163,2017-02-01,0.0
1697,2017-02-01,0.0
2046,2017-02-01,0.0
525,2017-02-01,0.0
1349,2017-02-01,0.0
164,2017-02-02,0.0
1698,2017-02-02,0.0
2047,2017-02-02,0.0
1106,2017-02-02,0.0
844,2017-02-02,0.0
1350,2017-02-02,0.0
526,2017-02-02,0.0
1351,2017-02-03,0.0
845,2017-02-03,0.0
527,2017-02-03,0.0
1107,2017-02-03,0.0
165,2017-02-03,0.0
1699,2017-02-03,0.0
1700,2017-02-04,0.0
166,2017-02-04,0.0
528,2017-02-04,0.0
1352,2017-02-04,0.0
1701,2017-02-05,0.0
529,2017-02-05,0.0
1353,2017-02-05,0.0
167,2017-02-05,0.0
2049,2017-02-05,0.0
1702,2017-02-06,0.18
1354,2017-02-06,0.0
2050,2017-02-06,0.0
847,2017-02-06,0.04
168,2017-02-06,0.0
530,2017-02-06,0.16
1703,2017-02-07,1.32
1109,2017-02-07,0.0
2051,2017-02-07,1.79
848,2017-02-07,0.9
1355,2017-02-07,1.8
169,2017-02-07,0.51
531,2017-02-07,1.08
849,2017-02-08,0.0
2052,2017-02-08,0.0
1356,2017-02-08,0.0
1110,2017-02-08,0.0
170,2017-02-08,0.0
532,2017-02-08,1.08
1704,2017-02-08,0.0
1705,2017-02-09,0.0
1111,2017-02-09,0.0
2053,2017-02-09,0.0
850,2017-02-09,0.0
171,2017-02-09,0.0
1357,2017-02-09,0.0
533,2017-02-09,0.02
1112,2017-02-10,0.0
172,2017-02-10,0.0
1358,2017-02-10,0.0
851,2017-02-10,0.0
534,2017-02-10,0.0
2054,2017-02-10,0.0
1706,2017-02-10,0.0
1359,2017-02-11,5.04
535,2017-02-11,1.0
852,2017-02-11,2.39
173,2017-02-11,0.31
2055,2017-02-11,0.73
1707,2017-02-11,1.73
536,2017-02-12,1.07
174,2017-02-12,2.62
1708,2017-02-12,2.98
1360,2017-02-12,0.07
2056,2017-02-12,1.83
853,2017-02-12,1.91
1361,2017-02-13,0.0
854,2017-02-13,0.0
537,2017-02-13,2.9
175,2017-02-13,0.01
2057,2017-02-13,0.0
1709,2017-02-13,0.01
1114,2017-02-14,0.0
855,2017-02-14,0.0
538,2017-02-14,0.0
1710,2017-02-14,0.0
176,2017-02-14,0.0
2058,2017-02-14,0.01
2059,2017-02-15,0.07
539,2017-02-15,0.0
856,2017-02-15,0.0
177,2017-02-15,0.0
1711,2017-02-15,0.01
1712,2017-02-16,0.73
857,2017-02-16,0.62
2060,2017-02-16,0.13
1363,2017-02-16,0.67
540,2017-02-16,0.0
178,2017-02-16,0.07
1117,2017-02-17,0.0
1713,2017-02-17,0.13
1364,2017-02-17,0.06
858,2017-02-17,0.06
541,2017-02-17,0.8
179,2017-02-17,0.0
542,2017-02-18,0.0
180,2017-02-18,0.0
1714,2017-02-18,0.0
1365,2017-02-18,0.01
2062,2017-02-19,0.1
543,2017-02-19,0.0
1715,2017-02-19,0.09
181,2017-02-19,0.0
544,2017-02-20,0.0
1716,2017-02-20,0.0
182,2017-02-20,0.0
2063,2017-02-20,0.0
2064,2017-02-21,0.07
1717,2017-02-21,0.0
183,2017-02-21,0.06
860,2017-02-21,0.0
545,2017-02-21,0.0
2065,2017-02-22,0.32
184,2017-02-22,0.06
1119,2017-02-22,0.17
546,2017-02-22,0.06
861,2017-02-22,0.11
1718,2017-02-22,0.06
1367,2017-02-22,0.13
185,2017-02-23,0.01
1719,2017-02-23,0.0
2066,2017-02-23,0.0
547,2017-02-23,0.0
1368,2017-02-23,0.0
1120,2017-02-23,0.0
862,2017-02-23,0.0
1720,2017-02-24,0.0
1369,2017-02-24,0.0
1121,2017-02-24,0.0
2067,2017-02-24,0.0
548,2017-02-24,0.0
863,2017-02-24,0.0
186,2017-02-24,0.0
187,2017-02-25,0.03
1721,2017-02-25,0.0
2068,2017-02-25,0.12
549,2017-02-25,0.0
2069,2017-02-26,0.0
550,2017-02-26,0.0
1722,2017-02-26,0.0
188,2017-02-26,0.0
551,2017-02-27,0.0
1723,2017-02-27,0.0
2070,2017-02-27,0.0
189,2017-02-27,0.0
1371,2017-02-27,0.0
865,2017-02-27,0.0
190,2017-02-28,0.0
1372,2017-02-28,0.0
866,2017-02-28,0.04
2071,2017-02-28,0.58
1724,2017-02-28,0.04
552,2017-02-28,0.16
867,2017-03-01,1.12
2072,2017-03-01,2.0
1124,2017-03-01,2.4
191,2017-03-01,1.19
553,2017-03-01,2.2
1725,2017-03-01,2.12
1373,2017-03-01,0.59
1374,2017-03-02,1.48
1125,2017-03-02,0.44
554,2017-03-02,1.45
192,2017-03-02,0.73
1726,2017-03-02,1.88
2073,2017-03-02,0.58
2074,2017-03-03,0.56
1727,2017-03-03,0.27
1126,2017-03-03,0.14
1375,2017-03-03,0.25
193,2017-03-03,0.47
555,2017-03-03,0.54
556,2017-03-04,0.0
1728,2017-03-04,0.0
194,2017-03-04,0.0
2075,2017-03-04,0.0
1376,2017-03-04,0.0
2076,2017-03-05,0.35
195,2017-03-05,0.35
1729,2017-03-05,0.41
557,2017-03-05,0.1
558,2017-03-06,0.51
196,2017-03-06,0.0
1730,2017-03-06,0.03
2077,2017-03-06,0.0
197,2017-03-07,0.0
2078,2017-03-07,0.0
1731,2017-03-07,0.0
559,2017-03-07,0.0
870,2017-03-07,0.0
1732,2017-03-08,0.0
560,2017-03-08,0.0
871,2017-03-08,0.0
2079,2017-03-08,0.0
198,2017-03-08,0.0
2080,2017-03-09,0.01
1733,2017-03-09,0.65
1130,2017-03-09,0.0
561,2017-03-09,0.8
199,2017-03-09,0.0
872,2017-03-09,0.5
2081,2017-03-10,0.0
1131,2017-03-10,0.0
873,2017-03-10,0.13
1734,2017-03-10,0.03
200,2017-03-10,0.0
562,2017-03-10,0.13
1379,2017-03-10,0.0
563,2017-03-11,0.03
1735,2017-03-11,0.01
1380,2017-03-11,0.0
2082,2017-03-11,0.0
201,2017-03-11,0.0
1736,2017-03-12,0.0
202,2017-03-12,0.0
1381,2017-03-12,0.0
564,2017-03-12,0.0
1382,2017-03-13,0.0
875,2017-03-13,0.0
1737,2017-03-13,0.0
203,2017-03-13,0.0
565,2017-03-13,0.0
1133,2017-03-14,0.06
876,2017-03-14,0.0
204,2017-03-14,0.0
1738,2017-03-14,0.0
1383,2017-03-14,0.0
2084,2017-03-14,0.0
566,2017-03-14,0.0
1739,2017-03-15,0.06
1384,2017-03-15,0.0
567,2017-03-15,0.0
1134,2017-03-15,0.0
205,2017-03-15,0.0
2085,2017-03-15,0.0
2086,2017-03-16,0.0
1740,2017-03-16,0.0
568,2017-03-16,0.0
206,2017-03-16,0.0
1385,2017-03-16,0.0
878,2017-03-17,0.06
569,2017-03-17,0.19
1741,2017-03-17,0.12
1386,2017-03-17,0.35
207,2017-03-17,0.0
879,2017-03-18,0.0
208,2017-03-18,0.0
1387,2017-03-18,0.0
1742,2017-03-18,0.0
570,2017-03-18,0.0
1743,2017-03-19,0.0
1388,2017-03-19,0.0
209,2017-03-19,0.0
571,2017-03-19,0.0
2088,2017-03-19,0.0
1744,2017-03-20,0.02
1389,2017-03-20,0.0
210,2017-03-20,0.0
2089,2017-03-20,0.0
572,2017-03-20,0.0
573,2017-03-21,0.0
881,2017-03-21,0.0
1390,2017-03-21,0.0
1745,2017-03-21,0.09
2090,2017-03-21,0.0
211,2017-03-21,0.0
1391,2017-03-22,0.0
1746,2017-03-22,0.0
2091,2017-03-22,0.0
882,2017-03-22,0.0
574,2017-03-22,0.0
212,2017-03-22,0.0
575,2017-03-23,0.0
1747,2017-03-23,0.0
213,2017-03-23,0.0
1392,2017-03-23,0.02
2092,2017-03-23,0.03
883,2017-03-23,0.0
2093,2017-03-24,0.17
884,2017-03-24,0.15
1748,2017-03-24,0.12
214,2017-03-24,0.02
1393,2017-03-24,0.07
576,2017-03-24,0.6
215,2017-03-25,0.0
2094,2017-03-25,0.48
1394,2017-03-25,0.43
1749,2017-03-25,0.93
577,2017-03-25,0.13
1395,2017-03-26,0.0
1750,2017-03-26,0.0
216,2017-03-26,0.0
2095,2017-03-26,0.0
578,2017-03-26,0.0
579,2017-03-27,0.0
1396,2017-03-27,0.0
217,2017-03-27,0.0
1751,2017-03-27,0.01
2096,2017-03-27,0.0
886,2017-03-28,0.0
1752,2017-03-28,0.0
580,2017-03-28,0.03
2097,2017-03-28,0.68
1397,2017-03-28,0.0
218,2017-03-28,0.0
1398,2017-03-29,0.08
581,2017-03-29,0.0
219,2017-03-29,0.0
1753,2017-03-29,0.01
2098,2017-03-29,0.07
887,2017-03-29,0.03
1754,2017-03-30,0.04
888,2017-03-30,0.03
220,2017-03-30,0.0
582,2017-03-30,0.08
1399,2017-03-30,0.0
889,2017-03-31,0.0
1755,2017-03-31,0.01
1140,2017-03-31,0.0
1400,2017-03-31,0.0
583,2017-03-31,0.0
221,2017-03-31,0.0
222,2017-04-01,0.0
1756,2017-04-01,0.21
1401,2017-04-01,0.0
584,2017-04-01,0.0
2100,2017-04-01,0.2
890,2017-04-01,0.0
585,2017-04-02,0.0
223,2017-04-02,0.0
1757,2017-04-02,0.0
891,2017-04-02,0.0
2101,2017-04-02,0.0
1402,2017-04-02,0.0
224,2017-04-03,0.0
586,2017-04-03,0.08
892,2017-04-03,0.09
1403,2017-04-03,0.0
1758,2017-04-03,0.26
2102,2017-04-03,0.23
587,2017-04-04,0.04
1142,2017-04-04,0.0
2103,2017-04-04,0.02
1404,2017-04-04,0.0
893,2017-04-04,0.0
225,2017-04-04,0.0
1759,2017-04-04,0.09
1760,2017-04-05,0.1
1143,2017-04-05,0.0
2104,2017-04-05,0.45
588,2017-04-05,0.04
894,2017-04-05,0.07
1405,2017-04-05,0.0
226,2017-04-05,0.0
589,2017-04-06,0.0
1144,2017-04-06,0.0
2105,2017-04-06,0.0
1761,2017-04-06,0.06
895,2017-04-06,0.0
1406,2017-04-06,0.0
227,2017-04-06,0.0
228,2017-04-07,0.0
1762,2017-04-07,0.0
1145,2017-04-07,0.0
590,2017-04-07,0.0
1407,2017-04-07,0.0
896,2017-04-07,0.0
1763,2017-04-08,0.0
229,2017-04-08,0.0
591,2017-04-08,0.0
1764,2017-04-09,0.0
230,2017-04-09,0.0
2107,2017-04-09,0.0
592,2017-04-09,0.0
1409,2017-04-10,0.0
1765,2017-04-10,0.01
2108,2017-04-10,0.0
898,2017-04-10,0.0
231,2017-04-10,0.0
593,2017-04-10,0.01
1410,2017-04-11,0.0
1766,2017-04-11,0.03
232,2017-04-11,0.0
899,2017-04-11,0.16
2109,2017-04-11,0.25
594,2017-04-11,0.03
1411,2017-04-12,0.0
233,2017-04-12,0.0
2110,2017-04-12,0.65
595,2017-04-12,0.03
900,2017-04-12,0.29
1767,2017-04-12,0.11
1768,2017-04-13,0.59
2111,2017-04-13,0.23
234,2017-04-13,0.0
596,2017-04-13,0.27
901,2017-04-13,0.0
1412,2017-04-13,0.0
1769,2017-04-14,2.3
597,2017-04-14,0.69
2112,2017-04-14,2.82
1413,2017-04-14,0.36
902,2017-04-14,0.29
235,2017-04-14,0.26
598,2017-04-15,0.45
1414,2017-04-15,0.0
2113,2017-04-15,0.9
1770,2017-04-15,0.38
236,2017-04-15,0.01
237,2017-04-16,0.0
2114,2017-04-16,0.11
599,2017-04-16,0.49
1771,2017-04-16,0.47
1415,2017-04-16,0.0
1772,2017-04-17,1.04
600,2017-04-17,0.41
2115,2017-04-17,1.3
238,2017-04-17,0.02
1416,2017-04-17,0.3
239,2017-04-18,0.0
601,2017-04-18,0.08
1151,2017-04-18,0.0
1773,2017-04-18,2.03
2116,2017-04-18,0.98
904,2017-04-18,0.12
1417,2017-04-18,0.15
1418,2017-04-19,0.0
602,2017-04-19,0.02
905,2017-04-19,0.0
240,2017-04-19,0.02
2117,2017-04-19,0.14
1774,2017-04-19,0.02
603,2017-04-20,0.33
1775,2017-04-20,0.05
241,2017-04-20,0.05
906,2017-04-20,0.0
1419,2017-04-20,0.35
2118,2017-04-20,0.0
1420,2017-04-21,2.36
2119,2017-04-21,1.84
907,2017-04-21,1.05
1776,2017-04-21,1.74
242,2017-04-21,0.23
604,2017-04-21,1.16
908,2017-04-22,0.7
1777,2017-04-22,1.58
243,2017-04-22,0.32
605,2017-04-22,1.01
2120,2017-04-22,1.35
244,2017-04-23,0.03
2121,2017-04-23,0.35
1778,2017-04-23,0.06
606,2017-04-23,0.02
245,2017-04-24,0.0
2122,2017-04-24,0.05
607,2017-04-24,0.0
1779,2017-04-24,0.01
608,2017-04-25,0.0
1422,2017-04-25,0.0
2123,2017-04-25,0.0
1780,2017-04-25,0.0
910,2017-04-25,0.0
246,2017-04-25,0.0
1423,2017-04-26,0.01
1781,2017-04-26,0.02
247,2017-04-26,0.0
609,2017-04-26,0.0
2124,2017-04-26,0.22
911,2017-04-26,0.14
912,2017-04-27,0.02
1424,2017-04-27,0.0
1782,2017-04-27,0.19
2125,2017-04-27,0.11
610,2017-04-27,0.1
248,2017-04-27,0.0
611,2017-04-28,2.6
249,2017-04-28,0.0
1783,2017-04-28,0.76
2126,2017-04-28,0.79
913,2017-04-28,0.09
1425,2017-04-28,0.0
250,2017-04-29,0.12
612,2017-04-29,0.35
914,2017-04-29,0.95
1784,2017-04-29,0.37
1426,2017-04-29,6.25
2127,2017-04-29,0.0
613,2017-04-30,1.21
1427,2017-04-30,1.31
2128,2017-04-30,0.8
915,2017-04-30,1.17
1785,2017-04-30,1.04
251,2017-04-30,0.89
252,2017-05-01,0.26
916,2017-05-01,0.03
1428,2017-05-01,0.07
614,2017-05-01,0.07
1786,2017-05-01,0.13
2129,2017-05-01,0.25
2130,2017-05-02,0.0
615,2017-05-02,0.03
1787,2017-05-02,0.01
253,2017-05-02,0.0
917,2017-05-02,0.01
1429,2017-05-02,0.0
254,2017-05-03,0.0
1788,2017-05-03,0.01
918,2017-05-03,0.01
1430,2017-05-03,0.0
616,2017-05-03,0.01
255,2017-05-04,0.0
1789,2017-05-04,0.0
617,2017-05-04,0.0
1431,2017-05-04,0.0
919,2017-05-04,0.08
1790,2017-05-05,0.0
256,2017-05-05,0.0
1432,2017-05-05,0.0
618,2017-05-05,0.0
920,2017-05-05,0.28
2132,2017-05-05,0.1
257,2017-05-06,0.0
619,2017-05-06,0.0
921,2017-05-06,0.06
2133,2017-05-06,0.0
1791,2017-05-06,0.0
1433,2017-05-06,0.0
2134,2017-05-07,0.03
620,2017-05-07,0.07
1792,2017-05-07,0.02
258,2017-05-07,0.0
1434,2017-05-07,0.0
1435,2017-05-08,0.0
922,2017-05-08,0.95
2135,2017-05-08,1.11
621,2017-05-08,0.22
259,2017-05-08,0.0
1793,2017-05-08,0.73
1436,2017-05-09,0.68
2136,2017-05-09,0.23
1794,2017-05-09,1.58
622,2017-05-09,1.62
923,2017-05-09,0.52
1437,2017-05-10,0.06
623,2017-05-10,0.05
2137,2017-05-10,0.55
1795,2017-05-10,0.2
260,2017-05-10,0.0
924,2017-05-10,0.0
1438,2017-05-11,0.0
1796,2017-05-11,0.12
261,2017-05-11,0.01
624,2017-05-11,0.03
2138,2017-05-11,0.44
2139,2017-05-12,0.1
625,2017-05-12,0.04
1797,2017-05-12,0.02
262,2017-05-12,0.0
1439,2017-05-12,0.0
263,2017-05-13,0.0
1798,2017-05-13,0.12
2140,2017-05-13,0.1
1440,2017-05-13,0.0
626,2017-05-13,0.02
1441,2017-05-14,0.0
627,2017-05-14,0.05
2141,2017-05-14,1.0
264,2017-05-14,0.0
1799,2017-05-14,0.17
1442,2017-05-15,0.06
1800,2017-05-15,0.09
265,2017-05-15,0.05
2142,2017-05-15,0.6
628,2017-05-15,0.08
2143,2017-05-16,0.3
266,2017-05-16,0.01
629,2017-05-16,0.03
927,2017-05-16,0.05
1801,2017-05-16,0.03
1443,2017-05-16,0.0
1802,2017-05-17,0.07
928,2017-05-17,0.0
1444,2017-05-17,0.0
630,2017-05-17,0.02
267,2017-05-17,0.0
2144,2017-05-17,0.06
268,2017-05-18,0.01
1803,2017-05-18,0.13
2145,2017-05-18,0.0
929,2017-05-18,0.16
631,2017-05-18,0.09
1445,2017-05-18,0.46
269,2017-05-19,0.0
1804,2017-05-19,0.01
930,2017-05-19,0.01
632,2017-05-19,0.02
931,2017-05-20,0.01
1805,2017-05-20,0.02
633,2017-05-20,0.0
270,2017-05-20,0.0
1447,2017-05-21,0.0
2147,2017-05-21,0.0
271,2017-05-21,0.0
634,2017-05-21,0.0
1806,2017-05-21,0.01
1448,2017-05-22,0.0
2148,2017-05-22,0.3
272,2017-05-22,0.0
1807,2017-05-22,0.06
635,2017-05-22,0.0
1449,2017-05-23,0.0
2149,2017-05-23,0.44
273,2017-05-23,0.08
933,2017-05-23,0.11
1808,2017-05-23,0.06
636,2017-05-23,0.02
274,2017-05-24,0.13
934,2017-05-24,0.1
1809,2017-05-24,0.3
2150,2017-05-24,2.17
637,2017-05-24,0.58
1450,2017-05-24,0.61
1810,2017-05-25,0.2
1451,2017-05-25,0.55
275,2017-05-25,0.15
638,2017-05-25,0.37
935,2017-05-25,0.07
2151,2017-05-25,0.88
1452,2017-05-26,0.0
2152,2017-05-26,0.0
639,2017-05-26,0.02
1811,2017-05-26,0.0
936,2017-05-26,0.0
1812,2017-05-27,0.0
276,2017-05-27,0.01
2153,2017-05-27,0.5
640,2017-05-27,0.0
937,2017-05-27,0.0
1453,2017-05-27,0.0
2154,2017-05-28,0.0
641,2017-05-28,0.29
938,2017-05-28,0.02
277,2017-05-28,0.02
1813,2017-05-28,0.08
1454,2017-05-28,0.0
1814,2017-05-29,0.4
939,2017-05-29,0.0
278,2017-05-29,0.0
1455,2017-05-29,0.0
642,2017-05-29,0.02
1456,2017-05-30,0.11
940,2017-05-30,0.04
279,2017-05-30,0.26
1815,2017-05-30,1.12
643,2017-05-30,0.2
941,2017-05-31,0.0
1816,2017-05-31,0.25
1457,2017-05-31,0.0
644,2017-05-31,0.1
280,2017-05-31,0.02
645,2017-06-01,0.03
942,2017-06-01,0.0
2156,2017-06-01,0.01
1817,2017-06-01,0.0
281,2017-06-01,0.0
1458,2017-06-01,0.0
943,2017-06-02,0.15
1459,2017-06-02,0.0
646,2017-06-02,0.1
1818,2017-06-02,0.09
282,2017-06-02,0.0
283,2017-06-03,0.02
647,2017-06-03,0.2
1460,2017-06-03,0.15
1819,2017-06-03,0.08
944,2017-06-03,0.16
2158,2017-06-04,0.82
1461,2017-06-04,0.0
648,2017-06-04,0.15
284,2017-06-04,0.0
1820,2017-06-04,0.13
945,2017-06-04,0.05
285,2017-06-05,0.0
1821,2017-06-05,0.05
2159,2017-06-05,0.01
649,2017-06-05,0.0
1462,2017-06-05,0.0
946,2017-06-05,0.02
1463,2017-06-06,0.0
1822,2017-06-06,0.0
286,2017-06-06,0.0
2160,2017-06-06,0.0
947,2017-06-06,0.0
650,2017-06-06,0.0
651,2017-06-07,0.0
1464,2017-06-07,0.0
948,2017-06-07,0.0
287,2017-06-07,0.0
2161,2017-06-07,0.01
1823,2017-06-07,0.0
288,2017-06-08,0.0
949,2017-06-08,0.01
1824,2017-06-08,0.0
1465,2017-06-08,0.0
2162,2017-06-08,0.0
652,2017-06-08,0.02
1825,2017-06-09,0.02
289,2017-06-09,0.0
653,2017-06-09,0.02
1466,2017-06-09,0.0
950,2017-06-09,0.0
1467,2017-06-10,0.13
1826,2017-06-10,0.62
290,2017-06-10,0.04
654,2017-06-10,0.21
951,2017-06-10,0.53
952,2017-06-11,0.14
291,2017-06-11,0.08
655,2017-06-11,0.24
2164,2017-06-11,0.7
1468,2017-06-11,0.25
1827,2017-06-11,0.74
1828,2017-06-12,0.24
2165,2017-06-12,0.81
292,2017-06-12,0.02
953,2017-06-12,0.35
1469,2017-06-12,0.14
656,2017-06-12,0.19
2166,2017-06-13,0.65
1470,2017-06-13,0.03
293,2017-06-13,0.0
954,2017-06-13,0.1
657,2017-06-13,0.36
1829,2017-06-13,0.24
1471,2017-06-14,0.06
1830,2017-06-14,0.22
294,2017-06-14,0.0
2167,2017-06-14,0.81
658,2017-06-14,0.27
955,2017-06-14,0.21
956,2017-06-15,0.3
659,2017-06-15,0.17
295,2017-06-15,0.0
2168,2017-06-15,1.69
1831,2017-06-15,0.55
1472,2017-06-15,0.0
1473,2017-06-16,0.0
1832,2017-06-16,0.06
296,2017-06-16,0.0
957,2017-06-16,0.02
660,2017-06-16,0.02
2169,2017-06-16,0.1
1474,2017-06-17,0.0
958,2017-06-17,0.02
1833,2017-06-17,0.07
2170,2017-06-17,0.1
297,2017-06-17,0.0
661,2017-06-17,0.35
298,2017-06-18,0.05
2171,2017-06-18,0.7
1834,2017-06-18,0.24
1475,2017-06-18,0.0
959,2017-06-18,0.18
662,2017-06-18,0.25
960,2017-06-19,0.19
1835,2017-06-19,0.08
299,2017-06-19,0.0
2172,2017-06-19,0.4
1476,2017-06-19,0.01
663,2017-06-19,0.05
300,2017-06-20,0.02
2173,2017-06-20,0.31
1836,2017-06-20,0.0
961,2017-06-20,0.17
664,2017-06-20,0.05
665,2017-06-21,0.02
301,2017-06-21,0.0
1837,2017-06-21,0.19
2174,2017-06-21,0.3
1838,2017-06-22,0.06
666,2017-06-22,0.1
1172,2017-06-22,0.0
302,2017-06-22,0.0
1478,2017-06-22,0.0
2175,2017-06-22,0.28
1479,2017-06-23,0.05
2176,2017-06-23,0.5
303,2017-06-23,0.0
1839,2017-06-23,0.12
1173,2017-06-23,0.0
667,2017-06-23,0.0
1480,2017-06-24,0.0
2177,2017-06-24,0.22
304,2017-06-24,0.06
1840,2017-06-24,0.36
668,2017-06-24,0.0
1481,2017-06-25,0.0
305,2017-06-25,0.0
1841,2017-06-25,0.02
2178,2017-06-25,0.5
669,2017-06-25,0.08
306,2017-06-26,0.0
2179,2017-06-26,0.02
670,2017-06-26,0.02
1482,2017-06-26,0.0
1842,2017-06-26,0.06
1483,2017-06-27,0.0
307,2017-06-27,0.0
671,2017-06-27,0.0
2180,2017-06-27,0.1
1175,2017-06-27,0.0
1843,2017-06-27,0.01
2181,2017-06-28,0.02
1844,2017-06-28,0.0
308,2017-06-28,0.0
1176,2017-06-28,0.0
1484,2017-06-28,0.0
672,2017-06-28,0.01
673,2017-06-29,0.03
309,2017-06-29,0.0
1485,2017-06-29,0.0
1177,2017-06-29,0.0
1845,2017-06-29,0.0
2182,2017-06-29,0.04
1178,2017-06-30,0.12
965,2017-06-30,0.0
2183,2017-06-30,0.2
674,2017-06-30,0.04
1486,2017-06-30,0.07
310,2017-06-30,0.08
1846,2017-06-30,0.01
2184,2017-07-01,0.1
675,2017-07-01,0.06
311,2017-07-01,0.02
1847,2017-07-01,0.08
312,2017-07-02,0.02
2185,2017-07-02,0.5
1848,2017-07-02,0.15
676,2017-07-02,0.05
1849,2017-07-03,0.15
1488,2017-07-03,0.02
313,2017-07-03,0.04
2186,2017-07-03,0.4
677,2017-07-03,0.13
1850,2017-07-04,0.08
314,2017-07-04,0.04
2187,2017-07-04,0.0
678,2017-07-04,0.03
679,2017-07-05,0.0
2188,2017-07-05,0.0
1851,2017-07-05,0.0
315,2017-07-05,0.0
1490,2017-07-06,0.0
316,2017-07-06,0.0
680,2017-07-06,0.0
1852,2017-07-06,0.0
2189,2017-07-06,0.02
1853,2017-07-07,0.18
317,2017-07-07,0.0
2190,2017-07-07,0.3
1491,2017-07-07,0.0
681,2017-07-07,0.02
318,2017-07-08,0.0
682,2017-07-08,0.02
1492,2017-07-08,0.0
1854,2017-07-08,0.0
2191,2017-07-08,0.02
969,2017-07-08,0.06
1855,2017-07-09,0.11
1493,2017-07-09,0.0
970,2017-07-09,0.0
683,2017-07-09,0.09
2192,2017-07-09,0.0
319,2017-07-09,0.0
971,2017-07-10,0.0
684,2017-07-10,0.0
2193,2017-07-10,0.02
320,2017-07-10,0.0
1494,2017-07-10,0.0
1856,2017-07-10,0.02
321,2017-07-11,0.0
972,2017-07-11,0.0
1495,2017-07-11,0.0
1857,2017-07-11,0.02
2194,2017-07-11,0.0
685,2017-07-11,0.01
1496,2017-07-12,0.0
1858,2017-07-12,0.28
322,2017-07-12,0.0
686,2017-07-12,0.01
973,2017-07-12,0.02
2195,2017-07-12,0.05
687,2017-07-13,0.33
2196,2017-07-13,0.68
1497,2017-07-13,0.11
1859,2017-07-13,0.32
323,2017-07-13,0.07
974,2017-07-13,0.3
1498,2017-07-14,0.0
324,2017-07-14,0.02
688,2017-07-14,0.05
2197,2017-07-14,0.68
975,2017-07-14,0.0
1860,2017-07-14,0.2
689,2017-07-15,0.03
325,2017-07-15,0.0
1861,2017-07-15,0.05
976,2017-07-15,0.01
2198,2017-07-15,0.1
1499,2017-07-15,0.0
977,2017-07-16,0.12
1862,2017-07-16,0.1
690,2017-07-16,0.07
326,2017-07-16,0.02
1500,2017-07-16,0.0
2199,2017-07-16,0.5
327,2017-07-17,0.03
2200,2017-07-17,0.39
691,2017-07-17,0.12
1501,2017-07-17,0.0
978,2017-07-17,0.16
1863,2017-07-17,0.21
2201,2017-07-18,2.4
1187,2017-07-18,0.0
692,2017-07-18,0.03
1502,2017-07-18,0.0
979,2017-07-18,0.0
1864,2017-07-18,0.05
328,2017-07-18,0.05
1503,2017-07-19,0.0
1188,2017-07-19,0.0
1865,2017-07-19,0.05
2202,2017-07-19,0.27
980,2017-07-19,0.09
693,2017-07-19,0.0
2203,2017-07-20,0.7
329,2017-07-20,0.03
981,2017-07-20,0.0
694,2017-07-20,0.12
1504,2017-07-20,0.33
1189,2017-07-20,0.0
1866,2017-07-20,0.06
1190,2017-07-21,0.0
2204,2017-07-21,0.1
1867,2017-07-21,0.03
695,2017-07-21,0.0
1505,2017-07-21,0.0
982,2017-07-21,0.0
330,2017-07-21,0.0
331,2017-07-22,0.03
1868,2017-07-22,0.2
2205,2017-07-22,4.0
696,2017-07-22,0.07
1506,2017-07-22,0.0
983,2017-07-22,0.12
984,2017-07-23,0.07
332,2017-07-23,0.0
1869,2017-07-23,0.2
2206,2017-07-23,0.8
697,2017-07-23,0.06
985,2017-07-24,1.19
2207,2017-07-24,0.84
1870,2017-07-24,0.61
698,2017-07-24,0.58
333,2017-07-24,0.05
1508,2017-07-25,0.05
986,2017-07-25,0.12
1191,2017-07-25,0.0
2208,2017-07-25,0.3
1871,2017-07-25,0.11
699,2017-07-25,0.03
334,2017-07-25,0.0
1509,2017-07-26,0.0
700,2017-07-26,0.06
335,2017-07-26,0.0
1872,2017-07-26,0.12
2209,2017-07-26,0.3
987,2017-07-26,0.02
1873,2017-07-27,0.01
701,2017-07-27,0.0
1510,2017-07-27,0.0
2210,2017-07-27,0.0
336,2017-07-27,0.0
988,2017-07-27,0.0
337,2017-07-28,0.0
702,2017-07-28,0.13
1194,2017-07-28,0.01
2211,2017-07-28,0.4
989,2017-07-28,0.14
1511,2017-07-28,0.0
1874,2017-07-28,0.09
338,2017-07-29,0.0
703,2017-07-29,0.06
1875,2017-07-29,0.23
2212,2017-07-29,0.3
1512,2017-07-29,0.0
990,2017-07-29,0.02
704,2017-07-30,0.0
1876,2017-07-30,0.0
339,2017-07-30,0.0
1513,2017-07-30,0.0
2213,2017-07-30,0.3
340,2017-07-31,0.0
1514,2017-07-31,0.0
1877,2017-07-31,0.0
2214,2017-07-31,0.0
705,2017-07-31,0.0
341,2017-08-01,0.02
992,2017-08-01,0.12
1515,2017-08-01,0.0
1516,2017-08-02,0.0
342,2017-08-02,0.0
2216,2017-08-02,0.25
993,2017-08-02,0.05
994,2017-08-03,0.01
343,2017-08-03,0.0
1517,2017-08-03,0.0
2217,2017-08-03,0.06
344,2017-08-04,0.02
1878,2017-08-04,0.0
995,2017-08-04,0.04
1518,2017-08-04,0.0
1879,2017-08-05,0.06
345,2017-08-05,0.0
346,2017-08-06,0.0
1880,2017-08-06,0.0
996,2017-08-06,0.0
1519,2017-08-06,0.0
997,2017-08-07,0.0
1520,2017-08-07,0.0
2220,2017-08-07,0.05
347,2017-08-07,0.0
1521,2017-08-08,0.0
2221,2017-08-08,0.34
348,2017-08-08,0.0
998,2017-08-08,0.1
349,2017-08-09,0.0
999,2017-08-09,0.0
2222,2017-08-09,0.15
1000,2017-08-10,0.0
350,2017-08-10,0.0
1522,2017-08-10,0.0
2223,2017-08-10,0.07
351,2017-08-11,0.0
1523,2017-08-11,0.0
1001,2017-08-11,0.0
1524,2017-08-12,0.0
352,2017-08-12,0.0
2225,2017-08-12,0.14
1525,2017-08-13,0.0
1881,2017-08-13,0.0
353,2017-08-13,0.0
2227,2017-08-14,0.22
1526,2017-08-14,0.08
354,2017-08-14,0.0
1882,2017-08-14,0.0
1003,2017-08-14,0.01
1883,2017-08-15,0.32
2228,2017-08-15,0.42
1004,2017-08-15,0.0
1527,2017-08-15,0.06
355,2017-08-15,0.02
1005,2017-08-16,0.0
2229,2017-08-16,0.42
1884,2017-08-16,0.12
1528,2017-08-16,0.07
1885,2017-08-17,0.01
1006,2017-08-17,0.0
2230,2017-08-17,0.13
1529,2017-08-17,0.05
1886,2017-08-18,0.06
356,2017-08-18,0.0
1007,2017-08-18,0.0
2232,2017-08-19,0.09
1008,2017-08-19,0.0
357,2017-08-19,0.0
358,2017-08-20,0.0
1009,2017-08-20,0.01
359,2017-08-21,0.0
1010,2017-08-21,0.02
2234,2017-08-21,0.56
1532,2017-08-22,0.0
2235,2017-08-22,0.5
360,2017-08-22,0.0
361,2017-08-23,0.0
1533,2017-08-23,0.08
1011,2017-08-23,0.0
2236,2017-08-23,0.45
